obj_count,anomaly_count,anomaly_ratio,max_conf,avg_conf,conf_std,max_area,avg_area,max_center_prox,class_id,Risk_Score_Y
4.0,0.0,0.0,0.38362011313438416,0.3523799702525139,0.023003500579615494,0.3678301367258524,0.09267219033328669,0.5353995307123599,2.0,1.0
3.0,0.0,0.0,0.36757373809814453,0.3218357761700948,0.0341831780052288,0.01604009742832785,0.0059882843928563195,0.39795658248939214,2.0,0.7470294952392578
2.0,1.0,0.5,0.76,0.6579621183872223,0.10203788161277771,0.06925975177304965,0.03511714025083257,0.7741818838183454,2.0,0.7223696947097777
1.0,0.0,0.0,0.27680668234825134,0.27680668234825134,0.0,0.2208259228427422,0.2208259228427422,0.48967425108424967,0.0,0.7107226729393006
2.0,1.0,0.5,0.62,0.5618693506717682,0.05813064932823181,0.2585344444481781,0.16112896773795526,0.6106496314965495,0.0,1.0
0.0,0.0,0.0,0.0,0.0,0.0,0.0,0.0,0.0,0.0,0.0
0.0,0.0,0.0,0.0,0.0,0.0,0.0,0.0,0.0,0.0,0.0
0.0,0.0,0.0,0.0,0.0,0.0,0.0,0.0,0.0,0.0,0.0
1.0,1.0,1.0,0.66,0.66,0.0,0.11488970588235294,0.11488970588235294,0.7337891048994785,0.0,0.2
2.0,1.0,0.5,0.6593042612075806,0.4736457020044327,0.1856585592031479,0.01591918790872752,0.015836146045049685,0.5280294013683503,0.0,0.2
1.0,0.0,0.0,0.33734580874443054,0.33734580874443054,0.0,0.015747661779997583,0.015747661779997583,0.5106630014697133,0.0,0.2
1.0,1.0,1.0,0.68,0.68,0.0,0.14575559701492538,0.14575559701492538,0.48575414256628857,0.0,0.2
0.0,0.0,0.0,0.0,0.0,0.0,0.0,0.0,0.0,0.0,0.0
1.0,0.0,0.0,0.4188581705093384,0.4188581705093384,0.0,0.03071768440271046,0.03071768440271046,0.48086190147737695,0.0,0.2
2.0,1.0,0.5,0.82,0.5531438475847243,0.26685615241527555,0.08528930131004367,0.043141421504278486,0.5777070678831056,2.0,0.6145150780677795
1.0,0.0,0.0,0.37973201274871826,0.37973201274871826,0.0,0.02726173509694216,0.02726173509694216,0.5574080845284408,2.0,0.7518928050994873
3.0,0.0,0.0,0.3576563596725464,0.3164391616980235,0.030137529915572548,0.024686596407465008,0.0126698374596024,0.7663580085500803,0.0,0.7430625438690186
1.0,1.0,1.0,0.76,0.76,0.0,0.0891837899543379,0.0891837899543379,0.8973291800077327,0.0,0.2
1.0,0.0,0.0,0.3437778353691101,0.3437778353691101,0.0,0.0005326938404828322,0.0005326938404828322,0.3864232177154687,2.0,0.737511134147644
1.0,0.0,0.0,0.5862209796905518,0.5862209796905518,0.0,0.0005031140971093334,0.0005031140971093334,0.508098864231659,2.0,0.8344883918762207
1.0,0.0,0.0,0.3140929639339447,0.3140929639339447,0.0,0.0010351960971974328,0.0010351960971974328,0.5332879051243485,0.0,0.7256371855735779
1.0,1.0,1.0,0.66895592212677,0.66895592212677,0.0,0.09856883230600033,0.09856883230600033,0.5508355211948976,0.0,0.2
2.0,1.0,0.5,0.7147466540336609,0.5481493175029755,0.16659733653068542,0.12979797759134548,0.07029983837190122,0.6927621859032608,0.0,0.2
7.0,3.0,0.42857142857142855,0.8860790729522705,0.5709664523601532,0.21394290504692587,0.11379250203265201,0.0216570659973468,0.6838225592540033,7.0,0.9191112671579633
2.0,0.0,0.0,0.5451776385307312,0.44526703655719757,0.09991060197353363,0.0006989985466026027,0.0006185396978473829,0.7058573445312504,14.0,0.8180710554122925
1.0,1.0,1.0,0.73,0.73,0.0,0.007947285970052084,0.007947285970052084,0.2528762018737708,0.0,0.2
1.0,1.0,1.0,0.75,0.75,0.0,0.007947285970052084,0.007947285970052084,0.33124589297405993,0.0,0.2
12.0,0.0,0.0,0.5228019952774048,0.3801829218864441,0.09919098051173036,0.10157675124645493,0.018691340251454955,0.8273264658936705,14.0,0.8091207981109619
4.0,1.0,0.25,0.85,0.477884741127491,0.21494975037722686,0.11079438430613209,0.030537705041531003,0.8305425707957895,9.0,1.0
5.0,1.0,0.2,0.74,0.4466956834793091,0.15793845509011062,0.007947285970052084,0.003357516001143164,0.7430637523595347,14.0,0.8615842151641846
3.0,2.0,0.6666666666666666,0.8552474975585938,0.6294512784481049,0.2363577784251715,0.23368320795674435,0.08066454138889494,0.6678983337876923,14.0,0.5212425351142884
1.0,1.0,1.0,0.743925929069519,0.743925929069519,0.0,0.19771006764000276,0.19771006764000276,0.6028023902450633,0.0,0.2
7.0,1.0,0.14285714285714285,0.8888275623321533,0.4329637885093689,0.20469477864800142,0.22307433384662487,0.03200418521341649,0.7256145447575963,14.0,1.0
0.0,0.0,0.0,0.0,0.0,0.0,0.0,0.0,0.0,0.0,0.0
3.0,1.0,0.3333333333333333,0.72,0.48216871460278826,0.1702409339019878,0.007947285970052084,0.003722442125785023,0.958763863099167,14.0,0.7582637786865234
0.0,0.0,0.0,0.0,0.0,0.0,0.0,0.0,0.0,0.0,0.0
2.0,1.0,0.5,0.8533735275268555,0.6144061386585236,0.2389673888683319,0.14540987320686818,0.07570383325623571,0.8278988569945301,0.0,0.2
3.0,1.0,0.3333333333333333,0.9127362370491028,0.6545310616493225,0.18417466982714545,0.14142539674835555,0.04963226543006574,0.7160593716018945,4.0,0.6220240116119384
0.0,0.0,0.0,0.0,0.0,0.0,0.0,0.0,0.0,0.0,0.0
2.0,1.0,0.5,0.62,0.5834517753124238,0.03654822468757629,0.06430041152263374,0.03338749618279725,0.7259359361187405,14.0,0.718761420249939
1.0,1.0,1.0,0.7783170938491821,0.7783170938491821,0.0,0.001959975526631063,0.001959975526631063,0.4200812972251676,14.0,0.9113268375396728
2.0,1.0,0.5,0.7129634618759155,0.534497395157814,0.1784660667181015,0.0021375515232490805,0.0012625159406003457,0.5441964698452082,14.0,0.8851853847503661
2.0,1.0,0.5,0.63,0.6136884117126464,0.016311588287353518,0.2889215667886117,0.1507183926471573,0.5243432630955379,0.0,0.2
2.0,0.0,0.0,0.5300098657608032,0.5181919932365417,0.011817872524261475,0.24496842589962725,0.1269325450483023,0.9085871421718187,0.0,0.2
1.0,1.0,1.0,0.72,0.72,0.0,0.012515218505702934,0.012515218505702934,0.21233802920391676,0.0,0.2
1.0,0.0,0.0,0.27384909987449646,0.27384909987449646,0.0,0.0156343276439553,0.0156343276439553,0.3594574713666788,0.0,0.7095396399497986
0.0,0.0,0.0,0.0,0.0,0.0,0.0,0.0,0.0,0.0,0.0
3.0,0.0,0.0,0.4750012159347534,0.37517987688382465,0.08473404835472867,0.14934688210758887,0.0508518843578268,0.550787856123808,2.0,0.7900004863739014
0.0,0.0,0.0,0.0,0.0,0.0,0.0,0.0,0.0,0.0,0.0
2.0,0.0,0.0,0.31946608424186707,0.2937031388282776,0.025762945413589478,0.001078905462585586,0.0007749256610448049,0.3424558138324688,14.0,0.7277864336967468
3.0,0.0,0.0,0.30256855487823486,0.27225347359975177,0.02174725187036354,0.13384676784639282,0.04615810007347213,0.8501219356807268,14.0,0.721027421951294
2.0,0.0,0.0,0.5196682214736938,0.3934742212295532,0.12619400024414062,0.03718441943559725,0.01905430915705736,0.2296523141054504,0.0,0.8078672885894775
1.0,1.0,1.0,0.61,0.61,0.0,0.007947285970052084,0.007947285970052084,0.6263876586077154,0.0,0.2
0.0,0.0,0.0,0.0,0.0,0.0,0.0,0.0,0.0,0.0,0.0
0.0,0.0,0.0,0.0,0.0,0.0,0.0,0.0,0.0,0.0,0.0
2.0,1.0,0.5,0.83,0.5841514849662781,0.2458485150337219,0.00797845179738562,0.004603974133260217,0.6206093373874855,14.0,0.6353211879730225
1.0,0.0,0.0,0.3125421106815338,0.3125421106815338,0.0,0.0011286854261485348,0.0011286854261485348,0.3312947070493869,14.0,0.7250168442726135
1.0,0.0,0.0,0.27566713094711304,0.27566713094711304,0.0,0.15275467102616744,0.15275467102616744,0.32314072215548906,0.0,0.2
1.0,1.0,1.0,0.72,0.72,0.0,0.007947285970052084,0.007947285970052084,0.4944612200752424,0.0,0.2
1.0,0.0,0.0,0.43942078948020935,0.43942078948020935,0.0,0.00011979236551656429,0.00011979236551656429,0.5183797424181267,14.0,0.7757683157920837
3.0,0.0,0.0,0.48652783036231995,0.40388088425000507,0.06298920813398393,0.12678793060115248,0.042760823395139626,0.36848744228279906,14.0,0.794611132144928
1.0,0.0,0.0,0.34115666151046753,0.34115666151046753,0.0,0.001024796799254435,0.001024796799254435,0.2842364678177052,14.0,0.736462664604187
0.0,0.0,0.0,0.0,0.0,0.0,0.0,0.0,0.0,0.0,0.0
1.0,0.0,0.0,0.3881576955318451,0.3881576955318451,0.0,0.0006045394058972198,0.0006045394058972198,0.4495030886096487,14.0,0.7552630782127381
7.0,0.0,0.0,0.46384197473526,0.32658742155347553,0.06856959236505542,0.031242471345621563,0.008324389288868264,0.6895841169798012,14.0,0.785536789894104
2.0,0.0,0.0,0.40775546431541443,0.33845309913158417,0.06930236518383026,0.027905865743830322,0.01444966191390871,0.6676341649039474,1.0,0.7631021857261657
2.0,0.0,0.0,0.5295320153236389,0.5038141012191772,0.02571791410446167,0.0012191448874026938,0.0009023206981398496,0.7503850816434846,1.0,0.8118128061294556
2.0,0.0,0.0,0.5102517604827881,0.4063151776790619,0.1039365828037262,0.00140435681283968,0.0009602667919853536,0.6248425163292934,1.0,0.8041007041931152
5.0,0.0,0.0,0.5821287035942078,0.43376025557518005,0.10283555319853424,0.1030927742974761,0.022172994091199896,0.8049804346731105,1.0,0.8328514814376831
3.0,2.0,0.6666666666666666,0.894072949886322,0.5900442353884379,0.25677333356113075,0.043088775203043994,0.017224525677151697,0.8477504297522486,14.0,0.5064239025115966
1.0,1.0,1.0,0.83,0.83,0.0,0.007947285970052084,0.007947285970052084,0.26148606510692707,0.0,0.2
4.0,1.0,0.25,0.9119515419006348,0.49585966765880585,0.24473566543044006,0.0440424626654116,0.0150124528231298,0.5434003322709786,14.0,0.8193659782409668
0.0,0.0,0.0,0.0,0.0,0.0,0.0,0.0,0.0,0.0,0.0
2.0,1.0,0.5,0.6739842891693115,0.5148116201162338,0.1591726690530777,0.18683728570263014,0.09658638203778509,0.4206047597321654,0.0,0.6422555804252625
3.0,0.0,0.0,0.5042963027954102,0.3492628236611684,0.10964812631288948,0.14137683358764264,0.05004729244716145,0.40803895585105077,0.0,0.8017185211181641
0.0,0.0,0.0,0.0,0.0,0.0,0.0,0.0,0.0,0.0,0.0
0.0,0.0,0.0,0.0,0.0,0.0,0.0,0.0,0.0,0.0,0.0
1.0,1.0,1.0,0.77,0.77,0.0,0.007947285970052084,0.007947285970052084,0.3791101946475325,0.0,0.2
1.0,1.0,1.0,0.7404085993766785,0.7404085993766785,0.0,0.11232821916539137,0.11232821916539137,0.7146471118194497,0.0,0.2
4.0,3.0,0.75,0.908714771270752,0.6905236876010895,0.1973440981867958,0.10027426755684132,0.05646722332943812,0.6097371756806942,0.0,0.2
2.0,0.0,0.0,0.5509580969810486,0.46942587196826935,0.08153222501277924,0.04481691307607871,0.025446229853506086,0.45856657856145966,9.0,0.655157458782196
0.0,0.0,0.0,0.0,0.0,0.0,0.0,0.0,0.0,0.0,0.0
3.0,0.0,0.0,0.43661049008369446,0.3636058171590169,0.05308330042150365,0.03794071452519512,0.015567628875166403,0.25078373474063587,1.0,0.5369010090827941
0.0,0.0,0.0,0.0,0.0,0.0,0.0,0.0,0.0,0.0,0.0
2.0,1.0,0.5,0.6577069759368896,0.5447598695755005,0.11294710636138916,0.2017160504061124,0.11485245560313473,0.9672757567440651,14.0,0.9727251052856445
4.0,2.0,0.5,0.9078995585441589,0.6192175149917603,0.23218115879109846,0.19398057888305942,0.0908935301322647,0.8658590762418671,14.0,0.7697397947311402
3.0,1.0,0.3333333333333333,0.71,0.5362822484970092,0.13182275755854567,0.12903804849020162,0.05222518119344402,0.7394025290881107,14.0,0.8563344478607178
11.0,2.0,0.18181818181818182,0.8,0.49644585251808165,0.15908830873819552,0.04179310576790485,0.009081257568224761,0.7326268719199557,2.0,1.0
16.0,5.0,0.3125,0.705964982509613,0.48461835727095603,0.15794373031239448,0.04719440166290075,0.00766532445397376,0.8196748667511831,2.0,1.0
26.0,5.0,0.19230769230769232,0.76,0.4236631809748136,0.16968793245916194,0.11837272273847077,0.011778097740469283,0.8955781121408807,2.0,1.0
7.0,0.0,0.0,0.513191282749176,0.3463447391986847,0.09055455221388119,0.033503822095275915,0.007850843820229632,0.9105568221101534,2.0,0.8052765130996704
9.0,1.0,0.1111111111111111,0.6690234541893005,0.39916543828116524,0.12438050611560243,0.01053988814434259,0.005311387361265736,0.7888234365145337,14.0,0.8676093816757202
9.0,2.0,0.2222222222222222,0.6425634622573853,0.3982560435930888,0.1318215221296083,0.039470893075802614,0.009465685085237397,0.699701013912044,14.0,0.8570253849029541
4.0,0.0,0.0,0.4077913761138916,0.3404764235019684,0.045485096806886935,0.0059314710084177324,0.001838395986550171,0.8933298528261653,14.0,0.7631165504455566
1.0,0.0,0.0,0.34654495120048523,0.34654495120048523,0.0,0.00015222343506079058,0.00015222343506079058,0.38780448835715053,14.0,0.7386179804801941
0.0,0.0,0.0,0.0,0.0,0.0,0.0,0.0,0.0,0.0,0.0
4.0,1.0,0.25,0.61,0.434135507941246,0.12203452454975056,0.0329934448068645,0.012000868632048693,0.9429601966926038,2.0,0.8357253313064574
4.0,1.0,0.25,0.75,0.4905789718031883,0.15036248731715093,0.12629304034982672,0.04176274174621801,0.3012637666664364,14.0,0.9694621086120605
3.0,0.0,0.0,0.4449545443058014,0.3557800054550171,0.07856206026942394,0.02264591810099681,0.010993053112352795,0.9269168672126049,2.0,0.7779818177223206
3.0,2.0,0.6666666666666666,0.73,0.5416522359848023,0.1828138210115449,0.016870997514850366,0.008393130953901115,0.47171496045428984,2.0,0.8403430223464965
0.0,0.0,0.0,0.0,0.0,0.0,0.0,0.0,0.0,0.0,0.0
0.0,0.0,0.0,0.0,0.0,0.0,0.0,0.0,0.0,0.0,0.0
5.0,3.0,0.6,0.81,0.6568482632637024,0.16637895468344802,0.01168732597981956,0.009974983173384227,0.6064425158217557,0.0,0.2
5.0,4.0,0.8,0.8469453454017639,0.6367804408073425,0.17553218223205613,0.019717649356538896,0.015926273157472633,0.7710336727531583,0.0,0.2
3.0,2.0,0.6666666666666666,0.7827682495117188,0.7035085161526998,0.0821226920202049,0.014327000657178561,0.01183025465878826,0.7429299196727649,0.0,0.2
0.0,0.0,0.0,0.0,0.0,0.0,0.0,0.0,0.0,0.0,0.0
1.0,0.0,0.0,0.560653567314148,0.560653567314148,0.0,0.02922130927057926,0.02922130927057926,0.6982166742108711,0.0,0.2
1.0,0.0,0.0,0.379345566034317,0.379345566034317,0.0,0.03366021839736313,0.03366021839736313,0.698914488872623,0.0,0.2
0.0,0.0,0.0,0.0,0.0,0.0,0.0,0.0,0.0,0.0,0.0
2.0,0.0,0.0,0.4263073205947876,0.38622233271598816,0.04008498787879944,0.0004945025778776285,0.0003857614895459785,0.834454210495779,14.0,0.770522928237915
0.0,0.0,0.0,0.0,0.0,0.0,0.0,0.0,0.0,0.0,0.0
1.0,1.0,1.0,0.6678193211555481,0.6678193211555481,0.0,0.1654753893352634,0.1654753893352634,0.46001409167679363,0.0,0.2
2.0,1.0,0.5,0.89,0.6172456216812134,0.2727543783187866,0.026640063726303603,0.017293674848177842,0.7395986983699486,0.0,0.2
1.0,1.0,1.0,0.66,0.66,0.0,0.007947285970052084,0.007947285970052084,0.2713969347046278,0.0,0.2
1.0,0.0,0.0,0.3974362909793854,0.3974362909793854,0.0,0.0002674524850050236,0.0002674524850050236,0.7342294553721948,2.0,0.7589745163917542
1.0,0.0,0.0,0.2917225956916809,0.2917225956916809,0.0,0.005282325646089066,0.005282325646089066,0.15183455616416963,14.0,0.7166890382766724
1.0,0.0,0.0,0.2754020690917969,0.2754020690917969,0.0,0.4211716977508602,0.4211716977508602,0.6535317138522407,0.0,0.2
1.0,0.0,0.0,0.2575835585594177,0.2575835585594177,0.0,0.0005995421100838394,0.0005995421100838394,0.1906588115167016,12.0,0.7030334234237671
3.0,0.0,0.0,0.5132919549942017,0.35969240466753644,0.11106397083961143,0.044513359248715766,0.015952681967983582,0.389440162708806,0.0,1.0
1.0,0.0,0.0,0.2642030715942383,0.2642030715942383,0.0,0.002160855536643691,0.002160855536643691,0.4497079401202432,0.0,0.7056812286376953
2.0,0.0,0.0,0.5918160676956177,0.45286108553409576,0.1389549821615219,0.37614153759974783,0.24288675825309403,0.5968658094162178,0.0,0.2
2.0,2.0,1.0,0.8972763419151306,0.804828405380249,0.09244793653488159,0.47528422719558594,0.2998296941725587,0.5896967216362798,0.0,0.2
2.0,1.0,0.5,0.62,0.5350307947397233,0.08496920526027679,0.15310019238847888,0.08280770544709092,0.4379095881667503,0.0,0.2
2.0,1.0,0.5,0.6829356551170349,0.4740406721830368,0.2088949829339981,0.5384128674471351,0.2791266569626493,0.6337425815412929,2.0,1.0
0.0,0.0,0.0,0.0,0.0,0.0,0.0,0.0,0.0,0.0,0.0
2.0,1.0,0.5,0.7608782649040222,0.5990913063287735,0.16178695857524872,0.020632251675427888,0.01053815277812069,0.3137201777435342,2.0,0.9043513059616088
2.0,1.0,0.5,0.87,0.7187475538253785,0.15125244617462158,0.29410840888886014,0.15235239509113147,0.7996083981111178,0.0,0.2
3.0,2.0,0.6666666666666666,0.78,0.5916888014475504,0.23025970094117654,0.2712338536692869,0.09851189311179072,0.8733779942653213,2.0,0.8069841861724854
3.0,2.0,0.6666666666666666,0.8734335899353027,0.6736744022369385,0.16574547259342387,0.2385862098038862,0.10453406080250648,0.9234998492596075,0.0,0.2
2.0,0.0,0.0,0.3501259386539459,0.308567151427269,0.04155878722667694,0.42456228974139937,0.21238779462509386,0.7385387305211548,1.0,0.6068033456802369
3.0,1.0,0.3333333333333333,0.8029133081436157,0.4529248774051666,0.24763051855158016,0.20965873137966434,0.10523399043185773,0.837791835168604,1.0,0.815412724018097
2.0,2.0,1.0,0.9295384883880615,0.7768711745738983,0.1526673138141632,0.4770500949681274,0.3596881016791636,0.764074486143293,0.0,0.2
1.0,1.0,1.0,0.7785749435424805,0.7785749435424805,0.0,0.3704647554222203,0.3704647554222203,0.5998193655897186,0.0,0.2
1.0,1.0,1.0,0.8878262042999268,0.8878262042999268,0.0,0.5210606837435373,0.5210606837435373,0.6317278815502049,0.0,0.2
1.0,1.0,1.0,0.6024647951126099,0.6024647951126099,0.0,0.40060849396762005,0.40060849396762005,0.640660755632597,0.0,0.2
1.0,1.0,1.0,0.63,0.63,0.0,0.00797845179738562,0.00797845179738562,0.2239781701781839,0.0,0.2
3.0,1.0,0.3333333333333333,0.6672194600105286,0.4419371585051219,0.16144845958925227,0.005401015233149759,0.0039793510979403346,0.5651276353798669,2.0,0.8668877840042114
4.0,0.0,0.0,0.4421708881855011,0.3694322109222412,0.07667784511544183,0.005350523563024922,0.0030545291986881413,0.6586956086253352,2.0,0.7768683552742004
2.0,1.0,0.5,0.7839285731315613,0.5202173441648483,0.26371122896671295,0.5426426377817096,0.2714072588326598,0.8307355378310364,14.0,0.9026024460792541
4.0,2.0,0.5,0.6388854384422302,0.5008191654086113,0.1246034755511233,0.47893156516960705,0.15374882291875286,0.7998615217087378,2.0,0.8075463056564331
1.0,1.0,1.0,0.8027458786964417,0.8027458786964417,0.0,0.23993413143842446,0.23993413143842446,0.5603112967387851,0.0,0.2
3.0,0.0,0.0,0.4924789071083069,0.43431422114372253,0.055064455472987724,0.5418450772961236,0.1844652222037034,0.7405908360775414,2.0,1.0
0.0,0.0,0.0,0.0,0.0,0.0,0.0,0.0,0.0,0.0,0.0
2.0,1.0,0.5,0.78,0.5200456523895264,0.25995434761047365,0.007947285970052084,0.00550316151818601,0.487765646209545,2.0,0.604036521911621
0.0,0.0,0.0,0.0,0.0,0.0,0.0,0.0,0.0,0.0,0.0
0.0,0.0,0.0,0.0,0.0,0.0,0.0,0.0,0.0,0.0,0.0
0.0,0.0,0.0,0.0,0.0,0.0,0.0,0.0,0.0,0.0,0.0
3.0,2.0,0.6666666666666666,0.7127262353897095,0.5606478552023569,0.15289155897353093,0.057606515234366995,0.019385618963954087,0.7065216474643072,14.0,0.8470868587493896
6.0,2.0,0.3333333333333333,0.6539308428764343,0.5140850536028544,0.10256216795501312,0.053927934251583785,0.01620106777223758,0.8966685489034072,14.0,0.6127995729446412
4.0,1.0,0.25,0.64,0.5094040295481682,0.08298608321647635,0.007947285970052084,0.0022859989225009697,0.8233215606117957,14.0,0.8545669078826903
1.0,0.0,0.0,0.5414449572563171,0.5414449572563171,0.0,0.11385954565470513,0.11385954565470513,0.7052419695538626,0.0,0.2
2.0,1.0,0.5,0.7534191608428955,0.6171058118343353,0.13631334900856018,0.19004970861793766,0.14953301533322433,0.7177225556522363,0.0,0.9923169851303101
2.0,2.0,1.0,0.8591393232345581,0.764569661617279,0.09456966161727903,0.20401612235843913,0.10598170416424561,0.8197484725740659,0.0,0.2
1.0,0.0,0.0,0.5807821154594421,0.5807821154594421,0.0,0.04120168124384094,0.04120168124384094,0.43172730398618964,2.0,0.8323128461837769
2.0,1.0,0.5,0.720164954662323,0.6368801593780518,0.08328479528427124,0.042650124995233796,0.03839965660520939,0.48274491731155744,2.0,0.7214381456375123
1.0,1.0,1.0,0.6482108235359192,0.6482108235359192,0.0,0.041288260549471545,0.041288260549471545,0.6348635545343199,2.0,0.8592843294143677
3.0,0.0,0.0,0.4803372621536255,0.4059000611305237,0.05460533948169546,0.2488973942188295,0.17325316599860363,0.8177582944145159,0.0,0.2
3.0,3.0,1.0,0.720841109752655,0.6765306194623312,0.0330678029778258,0.33754042056146005,0.19967401144677646,0.6918483012660436,0.0,0.2
2.0,2.0,1.0,0.87,0.7509545063972474,0.11904549360275268,0.46069721420295195,0.234322250086502,0.8396369000870879,0.0,0.2
1.0,1.0,1.0,0.78,0.78,0.0,0.007947285970052084,0.007947285970052084,0.6489813233912973,0.0,0.2
1.0,1.0,1.0,0.89,0.89,0.0,0.007947285970052084,0.007947285970052084,0.39887546381152217,0.0,0.2
1.0,1.0,1.0,0.86,0.86,0.0,0.007947285970052084,0.007947285970052084,0.9031502048918016,0.0,0.2
4.0,0.0,0.0,0.4774586260318756,0.3709700182080269,0.09578516211996796,0.30932424910325934,0.07761130073489922,0.6216915864192206,1.0,1.0
4.0,2.0,0.5,0.6223705410957336,0.5509513765573502,0.072971942345864,0.4446863024411338,0.1143498953268923,0.6679956749868536,0.0,0.8989482164382934
3.0,2.0,0.6666666666666666,0.8117987513542175,0.6546519696712494,0.2098336793623851,0.4809465823618666,0.16332582823930908,0.6254156671794668,2.0,1.0
5.0,1.0,0.2,0.68,0.460950647354126,0.161175563165031,0.007947285970052084,0.0020199323257860252,0.6709700155723284,1.0,0.8957142162322997
5.0,0.0,0.0,0.5935347080230713,0.4403960108757019,0.1039544035189949,0.10297841413939086,0.022146938271672627,0.8049778114450299,1.0,0.8374138832092285
4.0,2.0,0.5,0.86,0.5323180669546127,0.22883764319568578,0.1133496321751674,0.030798837662772537,0.6128500287587453,1.0,0.8984147787094117
1.0,1.0,1.0,0.87,0.87,0.0,0.012917493386243387,0.012917493386243387,0.425823289947451,0.0,0.2
1.0,1.0,1.0,0.8,0.8,0.0,0.012917493386243387,0.012917493386243387,0.6055880249367608,0.0,0.2
0.0,0.0,0.0,0.0,0.0,0.0,0.0,0.0,0.0,0.0,0.0
1.0,0.0,0.0,0.27111124992370605,0.27111124992370605,0.0,0.0004770646821401862,0.0004770646821401862,0.42194227224689385,8.0,0.7084444999694824
0.0,0.0,0.0,0.0,0.0,0.0,0.0,0.0,0.0,0.0,0.0
0.0,0.0,0.0,0.0,0.0,0.0,0.0,0.0,0.0,0.0,0.0
1.0,0.0,0.0,0.4808674156665802,0.4808674156665802,0.0,0.0179684180674613,0.0179684180674613,0.12879938299505744,2.0,0.792346966266632
2.0,1.0,0.5,0.6007916927337646,0.4477047026157379,0.15308699011802673,0.01686792620612554,0.008614509562338588,0.2594142080036943,2.0,0.8403166770935059
0.0,0.0,0.0,0.0,0.0,0.0,0.0,0.0,0.0,0.0,0.0
1.0,0.0,0.0,0.4153209626674652,0.4153209626674652,0.0,0.014552196580612057,0.014552196580612057,0.5371635309475821,0.0,0.7661283850669861
5.0,1.0,0.2,0.73,0.3992509088516235,0.174130995035286,0.261989870194157,0.06064777300905829,0.9045307385447415,1.0,0.7132444238662721
3.0,0.0,0.0,0.3571132719516754,0.3192569712797801,0.033189757516711604,0.020185407811426376,0.007802545540557031,0.6300900813444995,14.0,0.7428453087806701
0.0,0.0,0.0,0.0,0.0,0.0,0.0,0.0,0.0,0.0,0.0
1.0,1.0,1.0,0.76,0.76,0.0,0.012443456931702344,0.012443456931702344,0.7349874865856273,0.0,0.2
0.0,0.0,0.0,0.0,0.0,0.0,0.0,0.0,0.0,0.0,0.0
6.0,2.0,0.3333333333333333,0.8056575655937195,0.49554754316806787,0.19519698387049708,0.6201633178422862,0.10488517265687558,0.8905163721746666,10.0,1.0
5.0,0.0,0.0,0.4648831784725189,0.32267886996269224,0.07363327157010105,0.42558575104047236,0.1669098505739376,0.7260009081987917,10.0,0.8642014527320862
1.0,1.0,1.0,0.7248183488845825,0.7248183488845825,0.0,0.48771212018964594,0.48771212018964594,0.6636952545377267,0.0,0.2
3.0,1.0,0.3333333333333333,0.6993625164031982,0.4438094099362691,0.18413375523517703,0.3937693901561943,0.13184338379134394,0.928132705919623,14.0,1.0
3.0,1.0,0.3333333333333333,0.8480594754219055,0.6353863974412283,0.15755598373385374,0.4328053358941064,0.22437102235089323,0.7137859185813866,14.0,0.888594901561737
5.0,2.0,0.4,0.8233620524406433,0.5663421051502228,0.19748558006151742,0.4160092921085931,0.08513360483664316,0.9117775361656681,7.0,1.0
8.0,3.0,0.375,0.86,0.5469197091460228,0.19023218847378007,0.06752478830444902,0.01473127813132624,0.7885485436089812,14.0,1.0
5.0,1.0,0.2,0.6496232151985168,0.40352954268455504,0.1298216872404128,0.0715952047460422,0.014585119639397839,0.6951195946054222,14.0,0.8412939834594726
4.0,0.0,0.0,0.41295868158340454,0.3583815395832062,0.04298106865613497,0.0005942263152891961,0.00039505374450063527,0.8709452660999697,14.0,0.7651834726333618
2.0,0.0,0.0,0.44048264622688293,0.346753254532814,0.09372939169406891,0.3991719574126093,0.3459526397851719,0.6370010756558255,0.0,0.2
1.0,0.0,0.0,0.28624483942985535,0.28624483942985535,0.0,0.09260704074720867,0.09260704074720867,0.5803795078795277,0.0,0.2
2.0,0.0,0.0,0.32388216257095337,0.2950683832168579,0.02881377935409546,0.10413813843507332,0.05271468837255581,0.6579599257169652,7.0,0.6295528650283813
2.0,0.0,0.0,0.3692462146282196,0.3097890764474869,0.05945713818073273,0.0002737631236463152,0.00019089708596690437,0.9349834878022766,12.0,0.7476984858512878
2.0,0.0,0.0,0.2962672710418701,0.2956000119447708,0.0006672590970993042,0.0008813360067053688,0.0008332275393111248,0.5373487985186838,10.0,0.718506908416748
3.0,0.0,0.0,0.5328517556190491,0.402611364920934,0.11411884521919267,0.003976154276655504,0.001524392592535232,0.8523785962779675,8.0,0.8131407022476196
4.0,1.0,0.25,0.72,0.4145091328024864,0.18513650147511998,0.007947285970052084,0.002766672382937832,0.7564349500958181,2.0,0.8116536617279053
0.0,0.0,0.0,0.0,0.0,0.0,0.0,0.0,0.0,0.0,0.0
3.0,0.0,0.0,0.3308957815170288,0.31504640976587933,0.015339046262031667,0.0017965755791968796,0.0011484617397042273,0.8446070553246512,2.0,0.7323583126068115
4.0,3.0,0.75,0.854425847530365,0.6407785898447037,0.2094272108474997,0.34284833559318645,0.10103963311895574,0.7718649224619715,14.0,0.4711583375930786
5.0,1.0,0.2,0.8707598447799683,0.5479415416717529,0.16811786522229036,0.2726150355393202,0.06459234477286425,0.7737235850261343,14.0,1.0
2.0,0.0,0.0,0.45181962847709656,0.41888636350631714,0.03293326497077942,0.00030509962877209307,0.0002670030884421373,0.7614508313992272,14.0,0.7807278513908387
0.0,0.0,0.0,0.0,0.0,0.0,0.0,0.0,0.0,0.0,0.0
2.0,0.0,0.0,0.597684919834137,0.5493610203266144,0.04832389950752258,0.0031659643282693217,0.0025648457616538334,0.6604074849271316,2.0,0.8390739679336547
5.0,3.0,0.6,0.7370485663414001,0.5328393504619598,0.17973709176276648,0.007947285970052084,0.0031877630691750313,0.8596530526694649,2.0,0.97481942653656
0.0,0.0,0.0,0.0,0.0,0.0,0.0,0.0,0.0,0.0,0.0
0.0,0.0,0.0,0.0,0.0,0.0,0.0,0.0,0.0,0.0,0.0
1.0,0.0,0.0,0.31448397040367126,0.31448397040367126,0.0,0.0008368866056208901,0.0008368866056208901,0.4953139460807646,14.0,0.7257935881614686
6.0,6.0,1.0,0.9164373874664307,0.819264885187149,0.08226704316635824,0.15538933343098854,0.05033522944268783,0.6336758527996688,0.0,0.2
6.0,5.0,0.8333333333333334,0.9029167890548706,0.7847520526250203,0.11722187214439116,0.17226131977527478,0.05607380804359208,0.654856065158602,0.0,0.2
7.0,5.0,0.7142857142857143,0.8931163549423218,0.7282091677188873,0.1973637020854466,0.16499634539601538,0.05096596639615024,0.6823974753174458,0.0,0.2
0.0,0.0,0.0,0.0,0.0,0.0,0.0,0.0,0.0,0.0,0.0
0.0,0.0,0.0,0.0,0.0,0.0,0.0,0.0,0.0,0.0,0.0
1.0,1.0,1.0,0.62,0.62,0.0,0.012597555469556243,0.012597555469556243,0.6997302637743563,0.0,0.2
0.0,0.0,0.0,0.0,0.0,0.0,0.0,0.0,0.0,0.0,0.0
0.0,0.0,0.0,0.0,0.0,0.0,0.0,0.0,0.0,0.0,0.0
0.0,0.0,0.0,0.0,0.0,0.0,0.0,0.0,0.0,0.0,0.0
0.0,0.0,0.0,0.0,0.0,0.0,0.0,0.0,0.0,0.0,0.0
3.0,3.0,1.0,0.7517141699790955,0.6952937459945678,0.050084173654927726,0.007947285970052084,0.0032271209910184726,0.7298768847077948,12.0,0.9006856679916382
2.0,0.0,0.0,0.5481288433074951,0.4277029186487198,0.12042592465877533,0.0005784151817142998,0.0004934397458751054,0.7830240856403959,12.0,0.819251537322998
5.0,3.0,0.6,0.7823425531387329,0.5975207676887513,0.17340453252275898,0.03865900912020237,0.01015249593222382,0.5312442040262376,12.0,0.8729370212554932
1.0,0.0,0.0,0.26964059472084045,0.26964059472084045,0.0,0.47834450006484985,0.47834450006484985,0.5826756000518799,0.0,0.2
1.0,0.0,0.0,0.4014987349510193,0.4014987349510193,0.0,0.002475818757148307,0.002475818757148307,0.33828924442923936,14.0,0.7605994939804077
1.0,1.0,1.0,0.6860147714614868,0.6860147714614868,0.0,0.0004871303190118655,0.0004871303190118655,0.5423425297843693,14.0,0.8744059085845948
2.0,1.0,0.5,0.7530964016914368,0.5561806112527847,0.19691579043865204,0.0010636213119559201,0.0007761102664210113,0.6458833382204955,14.0,0.9012385606765747
1.0,1.0,1.0,0.7158280611038208,0.7158280611038208,0.0,0.0004986941015832543,0.0004986941015832543,0.5969787216501119,14.0,0.8863312244415282
5.0,2.0,0.4,0.7052916884422302,0.5638917834758759,0.09460365016855152,0.035960744129279,0.02007664099853991,0.8259290251514012,14.0,0.5389644575119019
4.0,3.0,0.75,0.8259064555168152,0.6358685791492462,0.19676098713865994,0.02283992708870465,0.014006134143886642,0.8593115287268692,10.0,0.47238194942474365
11.0,5.0,0.45454545454545453,0.8642425537109375,0.5302642204544761,0.1839318917785586,0.044293519694590264,0.014932714853692197,0.8652555693696585,14.0,1.0
3.0,0.0,0.0,0.5514065623283386,0.4023139278093974,0.10666045946609633,0.4644854762242076,0.2110318694424699,0.8806793709217321,0.0,0.2
2.0,1.0,0.5,0.81,0.6851797688007355,0.12482023119926455,0.4111074376136135,0.2095273617918328,0.9394368739196752,0.0,0.2
7.0,4.0,0.5714285714285714,0.8820241689682007,0.666973055260522,0.2339068058509128,0.2991617919147771,0.10020759487007415,0.8697137341136139,14.0,0.8326904279845101
0.0,0.0,0.0,0.0,0.0,0.0,0.0,0.0,0.0,0.0,0.0
0.0,0.0,0.0,0.0,0.0,0.0,0.0,0.0,0.0,0.0,0.0
5.0,1.0,0.2,0.6250193119049072,0.3936064958572388,0.12612821825281487,0.0007964389758813346,0.0006414423473536132,0.5396171456686708,2.0,0.8500077247619628
3.0,2.0,0.6666666666666666,0.9084757566452026,0.6401433821519217,0.23704519132285914,0.45592975643985234,0.15603132351013407,0.7606094718561449,12.0,0.8327817559242249
7.0,2.0,0.2857142857142857,0.8813666701316833,0.4932074674538204,0.19943088841910706,0.48072297554010684,0.0864439557739657,0.8843187321071235,12.0,1.0
4.0,1.0,0.25,0.839181125164032,0.48058827221393585,0.2300623589848573,0.5139004074143254,0.14544268883035202,0.7403178376817605,12.0,1.0
1.0,0.0,0.0,0.28120526671409607,0.28120526671409607,0.0,0.00026520577860389416,0.00026520577860389416,0.507145736774312,12.0,0.7124821066856384
2.0,0.0,0.0,0.38386839628219604,0.3411499410867691,0.04271845519542694,0.00029671000494866745,0.0002966597771603454,0.5127372807496106,12.0,0.7535473585128785
2.0,0.0,0.0,0.44110915064811707,0.35873232781887054,0.08237682282924652,0.0002614532310618543,0.00022498001425186553,0.5977348980610129,12.0,0.7764436602592468
5.0,3.0,0.6,0.8591611385345459,0.5473517656326294,0.203460581561359,0.31938877183483666,0.09580506339252312,0.755378194548323,0.0,0.2
4.0,1.0,0.25,0.66,0.515764885544777,0.10972365009087012,0.02762952503998406,0.015682824445875893,0.7007519942299666,12.0,0.5120681405067444
9.0,4.0,0.4444444444444444,0.8995819687843323,0.5862103026443057,0.2199973037495454,0.05732995357333692,0.020695398153667603,0.97265625,14.0,0.9177122116088867
2.0,1.0,0.5,0.6987930536270142,0.6063739955425262,0.09241905808448792,0.053863121051064056,0.029311372212935116,0.51001446244811,1.0,0.7055819749832153
1.0,1.0,1.0,0.76,0.76,0.0,0.007947285970052084,0.007947285970052084,0.4685840103068384,0.0,0.2
0.0,0.0,0.0,0.0,0.0,0.0,0.0,0.0,0.0,0.0,0.0
0.0,0.0,0.0,0.0,0.0,0.0,0.0,0.0,0.0,0.0,0.0
2.0,0.0,0.0,0.5044721364974976,0.436694398522377,0.06777773797512054,0.0004428351228296286,0.0004088196843308559,0.9360168834860126,12.0,0.8017888545989991
2.0,0.0,0.0,0.5132367610931396,0.4145455062389374,0.09869125485420227,0.0005558915650835846,0.00045773451751465283,0.8038699993031403,0.0,0.8052947044372558
5.0,1.0,0.2,0.81,0.46164860677719116,0.1863042922841601,0.007947285970052084,0.002193812700467999,0.8370652237233246,14.0,0.8644994306564331
6.0,0.0,0.0,0.5805840492248535,0.4059941569964091,0.12325496406301473,0.0033849935651355523,0.0014042568985000402,0.8046126617973832,14.0,0.8322336196899414
4.0,1.0,0.25,0.67,0.44764755249023436,0.1760873439542353,0.007947285970052084,0.0025776212477847302,0.6631250042524417,14.0,0.8779247045516967
0.0,0.0,0.0,0.0,0.0,0.0,0.0,0.0,0.0,0.0,0.0
1.0,0.0,0.0,0.30056169629096985,0.30056169629096985,0.0,0.013840316835855107,0.013840316835855107,0.37991876144037096,2.0,0.7202246785163879
2.0,1.0,0.5,0.69,0.5146618646383285,0.17533813536167142,0.01499858622308281,0.011472936096567448,0.3345676228735157,2.0,0.6357294917106628
4.0,4.0,1.0,0.8963587284088135,0.7210427820682526,0.10536354685620201,0.2256853167585156,0.07912556025228348,0.5559612618977962,0.0,0.2
8.0,4.0,0.5,0.9004060626029968,0.5743736326694489,0.21953182896973777,0.20818223393983437,0.03467183411370853,0.5356963560659302,14.0,0.9803399801254272
4.0,3.0,0.75,0.8647592067718506,0.6891680657863617,0.13336679979677893,0.1386028894198449,0.05056012774029656,0.5041801466962268,0.0,0.2
6.0,1.0,0.16666666666666666,0.63904869556427,0.35851751267910004,0.13332278670372577,0.025049745442952798,0.007297990354918594,0.8269948513400893,2.0,0.9556194782257079
3.0,1.0,0.3333333333333333,0.63,0.5218031720320383,0.08545654384886905,0.007947285970052084,0.0028931859961077596,0.9598282495869299,14.0,0.8057337284088135
3.0,1.0,0.3333333333333333,0.6966465711593628,0.5230632424354553,0.1290630670493776,0.016715843109693356,0.005856487690727004,0.8315775662511823,2.0,0.8786586284637451
2.0,2.0,1.0,0.838191568851471,0.7490957844257355,0.08909578442573546,0.5245987591756495,0.2662730225728508,0.8494780845152183,0.0,0.2
2.0,0.0,0.0,0.5638641715049744,0.4297650158405304,0.13409915566444397,0.34434713592772176,0.17302109947747737,0.8602691016476208,7.0,0.6182663440704346
2.0,1.0,0.5,0.8397932052612305,0.5525539964437485,0.287239208817482,0.4500272465528943,0.2392492297443505,0.9848118506021553,1.0,0.9061259150505065
0.0,0.0,0.0,0.0,0.0,0.0,0.0,0.0,0.0,0.0,0.0
0.0,0.0,0.0,0.0,0.0,0.0,0.0,0.0,0.0,0.0,0.0
0.0,0.0,0.0,0.0,0.0,0.0,0.0,0.0,0.0,0.0,0.0
3.0,1.0,0.3333333333333333,0.6515177488327026,0.40307627121607464,0.17712719593875476,0.0008409253674356298,0.0006400517124345306,0.42729106431044006,12.0,0.860607099533081
4.0,1.0,0.25,0.6864252686500549,0.4139448329806328,0.15814081313273667,0.0005282984606294986,0.0003956203372047576,0.6272102504328462,12.0,0.874570107460022
4.0,1.0,0.25,0.78,0.44905026972293854,0.2001003182105317,0.007947285970052084,0.0023328764060075078,0.5268329923333263,12.0,0.8241442322731019
1.0,1.0,1.0,0.85,0.85,0.0,0.013888888888888888,0.013888888888888888,0.6208226433771818,0.0,0.2
0.0,0.0,0.0,0.0,0.0,0.0,0.0,0.0,0.0,0.0,0.0
1.0,1.0,1.0,0.6186428070068359,0.6186428070068359,0.0,0.0015363936048763652,0.0015363936048763652,0.20295272516093033,0.0,0.8474571228027343
1.0,1.0,1.0,0.66,0.66,0.0,0.007947285970052084,0.007947285970052084,0.42050152593357715,0.0,0.2
0.0,0.0,0.0,0.0,0.0,0.0,0.0,0.0,0.0,0.0,0.0
1.0,1.0,1.0,0.68,0.68,0.0,0.007947285970052084,0.007947285970052084,0.45436188983390735,0.0,0.2
2.0,0.0,0.0,0.4647446274757385,0.3874833434820175,0.07726128399372101,0.007473092506763969,0.007235956719367785,0.5573604149983593,0.0,0.2
2.0,1.0,0.5,0.63,0.4860662245750427,0.14393377542495728,0.00797845179738562,0.007820535975508771,0.6758309178099355,0.0,0.2
4.0,1.0,0.25,0.87,0.44828185319900515,0.2436396010946445,0.1727916495222336,0.04873086641820085,0.7493726525909767,14.0,0.47704358100891114
0.0,0.0,0.0,0.0,0.0,0.0,0.0,0.0,0.0,0.0,0.0
1.0,0.0,0.0,0.32797983288764954,0.32797983288764954,0.0,0.0015039837059358518,0.0015039837059358518,0.2999224996276991,0.0,0.7311919331550598
0.0,0.0,0.0,0.0,0.0,0.0,0.0,0.0,0.0,0.0,0.0
0.0,0.0,0.0,0.0,0.0,0.0,0.0,0.0,0.0,0.0,0.0
1.0,1.0,1.0,0.78,0.78,0.0,0.007947285970052084,0.007947285970052084,0.7433454032532244,0.0,0.2
1.0,0.0,0.0,0.2542884647846222,0.2542884647846222,0.0,0.0026516395859250697,0.0026516395859250697,0.15641877152793726,2.0,0.7017153859138489
4.0,2.0,0.5,0.9238854050636292,0.644789032638073,0.25827214538850424,0.28691655526239995,0.1338409309972651,0.9010419409653578,2.0,1.0
6.0,3.0,0.5,0.9242584705352783,0.5473527330160141,0.25798739169663637,0.285786939893665,0.06270788981388102,0.7770341543116528,14.0,0.9238883972167968
1.0,1.0,1.0,0.89,0.89,0.0,0.007947285970052084,0.007947285970052084,0.7072188100384308,0.0,0.2
8.0,1.0,0.125,0.7245945930480957,0.46370428800582886,0.14254135943374366,0.07051805278128143,0.010003676233958604,0.7090100472250247,2.0,0.9640722274780273
3.0,0.0,0.0,0.5711995363235474,0.4469621777534485,0.08922396431957812,0.004521822402152727,0.0026469464641144832,0.6754540420697883,2.0,0.828479814529419
2.0,1.0,0.5,0.7601965069770813,0.5243023484945297,0.23589415848255157,0.016180807819610028,0.009185406946982702,0.45232287406744165,2.0,0.9040786027908325
1.0,0.0,0.0,0.2638510465621948,0.2638510465621948,0.0,0.008853735493161707,0.008853735493161707,0.6186011179527531,2.0,0.7055404186248779
3.0,1.0,0.3333333333333333,0.85,0.46660548647244776,0.2713897605619377,0.08138020833333333,0.02999839330098059,0.5051010204092152,1.0,0.7160963296890259
2.0,0.0,0.0,0.3258606791496277,0.30627141892910004,0.01958926022052765,0.2711578777850324,0.14084953921561255,0.629645112460568,2.0,0.614672863483429
2.0,1.0,0.5,0.7891446948051453,0.5198241472244263,0.269320547580719,0.0037291110474863788,0.0028964953764427422,0.45422876376670684,2.0,0.9156578779220581
3.0,1.0,0.3333333333333333,0.73,0.4810649887720744,0.18214009876248216,0.03616898148148148,0.01302252912781913,0.864958854006969,2.0,0.7655686020851136
39.0,0.0,0.0,0.5965437889099121,0.40202114903009856,0.11076990746362317,0.007542800021014449,0.0026023624653770303,0.8983729119772534,2.0,0.8386175155639648
5.0,1.0,0.2,0.6260295510292053,0.3784651100635529,0.13423203208059803,0.007833856770295935,0.005647112230825054,0.8117111955498089,2.0,0.8504118204116822
7.0,0.0,0.0,0.5522897839546204,0.3908071901117052,0.08798602142366883,0.03019306122563143,0.010568165019728593,0.8014232453229613,2.0,0.8209159135818481
28.0,5.0,0.17857142857142858,0.8176759481430054,0.4768140347940581,0.15232452961652074,0.008580961177271786,0.005186026954289867,0.7309009727673543,2.0,0.9270703792572021
6.0,3.0,0.5,0.7915471196174622,0.562572514017423,0.16678617524218733,0.007147720261560781,0.004800303254271845,0.6531037186686277,2.0,0.9166188478469849
35.0,9.0,0.2571428571428571,0.7831129431724548,0.46431485710825243,0.1470174632548292,0.03815413754690538,0.007829556545077767,0.9308478473618232,2.0,1.0
10.0,3.0,0.3,0.9,0.5072677904367447,0.19404888795841244,0.036118816458622284,0.008894507865696255,0.5217970896550611,2.0,1.0
70.0,14.0,0.2,0.7508520483970642,0.4449247594390597,0.14028412344557517,0.013505587337437007,0.0042426281227343704,0.8638161138709551,2.0,0.9003408193588257
21.0,2.0,0.09523809523809523,0.65,0.3894278262342726,0.12301962251717706,0.03616898148148148,0.006045307982400663,0.9586008588387526,2.0,1.0
22.0,3.0,0.13636363636363635,0.7776869535446167,0.4093807109377601,0.15183122636329222,0.19064278222180697,0.012643517234901602,0.8417611617164524,2.0,1.0
28.0,6.0,0.21428571428571427,0.72,0.4474348649808339,0.1415385486477438,0.036118816458622284,0.006546324230046029,0.6614959347493006,2.0,1.0
74.0,11.0,0.14864864864864866,0.7803017497062683,0.45172202667674505,0.147247416912914,0.0301827416119119,0.004073680567944372,0.722223229340932,2.0,0.9121206998825073
22.0,7.0,0.3181818181818182,0.8187786936759949,0.48435770690441127,0.18288292572851475,0.036118816458622284,0.005686669309051138,0.7714087496145682,2.0,1.0
2.0,1.0,0.5,0.68,0.4917780721187592,0.18822192788124087,0.8707160769016439,0.4672158535740017,0.5225430996559035,2.0,0.9214224576950073
1.0,0.0,0.0,0.25376880168914795,0.25376880168914795,0.0,0.04373391928168802,0.04373391928168802,0.3659321828124077,1.0,0.7015075206756591
0.0,0.0,0.0,0.0,0.0,0.0,0.0,0.0,0.0,0.0,0.0
0.0,0.0,0.0,0.0,0.0,0.0,0.0,0.0,0.0,0.0,0.0
1.0,0.0,0.0,0.36914730072021484,0.36914730072021484,0.0,0.010463712887461297,0.010463712887461297,0.7262113229520408,1.0,0.7476589202880859
1.0,0.0,0.0,0.4094151556491852,0.4094151556491852,0.0,0.3806776480292094,0.3806776480292094,0.5014064594594483,0.0,0.2
0.0,0.0,0.0,0.0,0.0,0.0,0.0,0.0,0.0,0.0,0.0
0.0,0.0,0.0,0.0,0.0,0.0,0.0,0.0,0.0,0.0,0.0
0.0,0.0,0.0,0.0,0.0,0.0,0.0,0.0,0.0,0.0,0.0
1.0,0.0,0.0,0.30067941546440125,0.30067941546440125,0.0,0.014506991319338598,0.014506991319338598,0.7050258167794932,0.0,0.2
0.0,0.0,0.0,0.0,0.0,0.0,0.0,0.0,0.0,0.0,0.0
0.0,0.0,0.0,0.0,0.0,0.0,0.0,0.0,0.0,0.0,0.0
18.0,3.0,0.16666666666666666,0.7076491713523865,0.4474996146228578,0.15411765569532535,0.034026133238288576,0.009905854609138096,0.9165662538368184,2.0,0.8830596685409546
34.0,5.0,0.14705882352941177,0.8187730312347412,0.43557994242976694,0.1537930092534923,0.046531187170774986,0.010815652273451588,0.822562846406292,2.0,0.9275092124938965
26.0,5.0,0.19230769230769232,0.7782741785049438,0.4493172730390842,0.1506278795380049,0.0480778843910958,0.01141410964343195,0.8045504527303133,2.0,0.9113096714019775
13.0,2.0,0.15384615384615385,0.7121641635894775,0.44427498945823085,0.1444310023500175,0.06104006686681633,0.019099153172462264,0.8348629057019119,2.0,0.8848656654357909
14.0,1.0,0.07142857142857142,0.7518863081932068,0.4188057907990047,0.1434523974875263,0.05470035454448747,0.016886690589837872,0.9491115029951811,2.0,0.9007545232772827
12.0,3.0,0.25,0.7591045498847961,0.4877672369281451,0.16298516625481183,0.04458989143863941,0.018006248749864326,0.7914123999456377,2.0,0.9036418199539185
12.0,4.0,0.3333333333333333,0.7981649041175842,0.53968878587087,0.14493530918572087,0.042435042439173905,0.013574553135811908,0.8704781579236294,2.0,0.9192659616470337
13.0,3.0,0.23076923076923078,0.7690861225128174,0.48671181614582354,0.17006443105467392,0.028932566597526892,0.01350243396216936,0.8069717255512686,2.0,0.9076344490051269
24.0,8.0,0.3333333333333333,0.8184422254562378,0.5561763606965542,0.1479803748102142,0.0680150330434336,0.014818924297748337,0.7379713154582739,2.0,0.9273768901824951
1.0,0.0,0.0,0.2913701832294464,0.2913701832294464,0.0,0.00187811416005739,0.00187811416005739,0.28669646686551964,14.0,0.7165480732917786
11.0,0.0,0.0,0.5988184213638306,0.3782791088927876,0.10969610162271781,0.013897178815609465,0.003756227079331603,0.7341831297170378,2.0,0.8395273685455322
2.0,0.0,0.0,0.39862704277038574,0.3578192740678787,0.04080776870250702,0.0011460131156964537,0.0008261724764629131,0.6516789359745759,4.0,0.7594508171081543
14.0,2.0,0.14285714285714285,0.6620174050331116,0.35961110251290457,0.13093120826560903,0.03699819066506252,0.015272327663555988,0.7184743496423183,2.0,0.8648069620132446
12.0,1.0,0.08333333333333333,0.8210036158561707,0.4022037610411644,0.1664280509145041,0.028781760089828943,0.010210777535026314,0.7817844331087199,2.0,0.9284014463424682
7.0,0.0,0.0,0.36168205738067627,0.29023137262889315,0.031051332331466265,0.3447906959980931,0.06404330705254371,0.6249183787971266,2.0,1.0
7.0,1.0,0.14285714285714285,0.8478981256484985,0.4158520443098886,0.19688268747345875,0.20517588732346892,0.04126068825825256,0.4960947585606895,2.0,1.0
5.0,1.0,0.2,0.8248703479766846,0.5056007683277131,0.19800618954147803,0.013301555593320944,0.011608835303212888,0.5877913738646698,2.0,0.9299481391906739
14.0,3.0,0.21428571428571427,0.840329110622406,0.4626980062041964,0.15582329637007253,0.04522367294746358,0.014553716421028037,0.6725334704999164,2.0,0.9361316442489624
9.0,0.0,0.0,0.535747230052948,0.3776529265774621,0.09555792131328034,0.0208875341531386,0.008932069751660353,0.7310667573529198,2.0,0.8142988920211792
15.0,1.0,0.06666666666666667,0.82,0.46522273270289105,0.14259722719258808,0.014976022341382535,0.006368219576047765,0.6956231771652435,2.0,0.9962263679504395
9.0,1.0,0.1111111111111111,0.6495979428291321,0.39031007554796004,0.11265464540743915,0.03798784393412713,0.008733604483236394,0.5379258486170369,2.0,0.8598391771316528
13.0,3.0,0.23076923076923078,0.7023829221725464,0.45918158155221206,0.14328092155362454,0.02223695045083218,0.007346487823060043,0.7744534252529736,2.0,0.8809531688690185
10.0,2.0,0.2,0.6637047529220581,0.43293631374835967,0.12496261982418641,0.018810773613170254,0.007139000465992905,0.7851107022699114,2.0,0.8654819011688233
13.0,2.0,0.15384615384615385,0.84413081407547,0.4375750537102039,0.1488060604156072,0.03518616128529112,0.012573130320237312,0.8306898282717473,2.0,0.937652325630188
0.0,0.0,0.0,0.0,0.0,0.0,0.0,0.0,0.0,0.0,0.0
2.0,0.0,0.0,0.5994210243225098,0.437079980969429,0.16234104335308075,0.029935360696787636,0.023836524207973234,0.43152277143619744,0.0,0.7397684097290038
1.0,0.0,0.0,0.28394657373428345,0.28394657373428345,0.0,0.007899731013684068,0.007899731013684068,0.45672710140108974,2.0,0.7135786294937134
0.0,0.0,0.0,0.0,0.0,0.0,0.0,0.0,0.0,0.0,0.0
3.0,0.0,0.0,0.5450035929679871,0.4015214145183563,0.1020124115773587,0.226000606292516,0.07923417733145897,0.9084002859893624,2.0,0.8180014371871949
3.0,1.0,0.3333333333333333,0.61,0.4276304992039998,0.12933924968240582,0.010340126703762992,0.0064008391059347065,0.587670036222055,2.0,0.7394606947898865
4.0,2.0,0.5,0.6612392067909241,0.5554890856146812,0.1268886576716189,0.1873297194546258,0.056149121977592684,0.8421872853363288,2.0,1.0
3.0,3.0,1.0,0.8880059719085693,0.7502517302831014,0.10971313904652152,0.018530960513429406,0.012510227261439147,0.761465646128914,2.0,0.9552023887634278
1.0,0.0,0.0,0.4031507670879364,0.4031507670879364,0.0,0.010649059870239036,0.010649059870239036,0.5075393171870353,2.0,0.7612603068351745
4.0,0.0,0.0,0.5658611059188843,0.43866363912820816,0.11729703648333822,0.017017467869404935,0.010016415126982882,0.436713432613524,2.0,0.8263444423675537
5.0,1.0,0.2,0.8,0.49009068369865416,0.18048508535342925,0.01702667498364346,0.013146914948240515,0.7598393870760652,2.0,0.8939287233352662
1.0,0.0,0.0,0.3100026249885559,0.3100026249885559,0.0,0.008317719031374281,0.008317719031374281,0.6184444294751268,1.0,0.7240010499954224
12.0,6.0,0.5,0.8046255111694336,0.5950511072079341,0.15727973971852763,0.027576563809563717,0.013541719249509414,0.6816536741958524,2.0,1.0
22.0,5.0,0.22727272727272727,0.8418998122215271,0.5171599577773701,0.16557229684752953,0.035804052607079966,0.013444469065781587,0.7890037777446505,2.0,0.9367599248886108
14.0,6.0,0.42857142857142855,0.7899176478385925,0.558684544307845,0.1636943739730367,0.04754317239446255,0.015200323633461623,0.7760442547630558,2.0,1.0
4.0,2.0,0.5,0.8771629929542542,0.5851031839847565,0.25265222942384763,0.011457830428283352,0.009346664946986964,0.9069242494745439,2.0,0.9508651971817017
3.0,2.0,0.6666666666666666,0.788551390171051,0.6306540966033936,0.12610789040522818,0.012173023085560805,0.011298124268927042,0.7600433392166245,2.0,0.9154205560684204
6.0,2.0,0.3333333333333333,0.8616649508476257,0.5254733860492706,0.2053961289095738,0.01449993486124215,0.009428553281362868,0.8610805980385486,2.0,0.9446659803390502
12.0,6.0,0.5,0.8685086369514465,0.5523105343182881,0.2147528192794156,0.07315127332362036,0.015187206306145888,0.8251908469215642,2.0,1.0
16.0,3.0,0.1875,0.8963145613670349,0.4775177612900734,0.19124008303950515,0.06484593631663918,0.013234523840163086,0.8381242584177383,2.0,0.958525824546814
20.0,5.0,0.25,0.8191023468971252,0.4614372387528419,0.1935068265957737,0.07437999995425779,0.015485562520944662,0.7908478170370659,2.0,0.9276409387588501
16.0,6.0,0.375,0.7545881271362305,0.4888114966452122,0.17900416083040477,0.030530547437840453,0.013328090554149203,0.9335868429454298,2.0,0.9018352508544922
26.0,4.0,0.15384615384615385,0.7414040565490723,0.44362051211870634,0.1460384427859949,0.026727673036888243,0.008535736314255946,0.7817503546980717,2.0,0.8965616226196289
19.0,5.0,0.2631578947368421,0.8020734786987305,0.4517460637970975,0.17722836565439312,0.02873442881185965,0.010727235167965319,0.9160471608244427,2.0,0.9208293914794922
26.0,11.0,0.4230769230769231,0.7682739496231079,0.5165129262208938,0.1868281026216095,0.3266097202792836,0.022087582518495727,0.8479711540004498,2.0,1.0
33.0,16.0,0.48484848484848486,0.8596624732017517,0.5598787909204309,0.18041685703521151,0.029691235499282678,0.011690338765635033,0.7888078876380995,2.0,0.9438649892807007
28.0,9.0,0.32142857142857145,0.8201701641082764,0.49993885308504105,0.1892094279771493,0.02768773421930646,0.009737823112255184,0.7794874248980712,2.0,0.9280680656433106
23.0,9.0,0.391304347826087,0.8721020221710205,0.5286531412601471,0.22690863611427478,0.06853940109767485,0.012106705168109536,0.9242340168558106,2.0,1.0
6.0,0.0,0.0,0.5698465704917908,0.4396425038576126,0.11591082046136404,0.02807668219864058,0.011923574342206313,0.7864660377517652,2.0,0.8279386281967163
15.0,9.0,0.6,0.8827829360961914,0.5872306621869404,0.2063866437224544,0.0357410725175254,0.011392602647232747,0.9278404926549727,2.0,1.0
4.0,1.0,0.25,0.63,0.4074424666166305,0.13454001846387184,0.010469621085282958,0.005010499064221619,0.5727034863422465,2.0,0.8093174934387206
1.0,0.0,0.0,0.3950035870075226,0.3950035870075226,0.0,0.008478687299859943,0.008478687299859943,0.5833408488970028,2.0,0.7580014348030091
4.0,0.0,0.0,0.5327083468437195,0.3950817734003067,0.08868262797081944,0.05812376675844937,0.022978306920283607,0.5219248531381012,2.0,0.8130833387374878
20.0,4.0,0.2,0.755037248134613,0.4479143589735031,0.15723391299363174,0.016792084268191364,0.007028272115318502,0.8826840425944313,2.0,0.9020148992538453
26.0,5.0,0.19230769230769232,0.799531877040863,0.4760380605092415,0.16368032884802725,0.07827747206360101,0.010439783524604269,0.8600995642770064,2.0,0.9198127508163452
20.0,6.0,0.3,0.8598019480705261,0.48721932619810104,0.1916089648107107,0.017416879463894294,0.007770952120852488,0.8884948741181591,2.0,0.9439207792282105
2.0,0.0,0.0,0.43946295976638794,0.40519295632839203,0.03427000343799591,0.015708460660491138,0.01001725281878068,0.9788029159183907,2.0,0.7757851839065552
8.0,1.0,0.125,0.77,0.4140225374698639,0.16282300117450849,0.01772943872959353,0.008489614895664533,0.7257527900414436,2.0,0.9628662824630738
4.0,0.0,0.0,0.4609319865703583,0.37290361523628235,0.07698727446975626,0.016041596043737293,0.010008939067382554,0.8624490885849253,2.0,0.8124894380569458
21.0,6.0,0.2857142857142857,0.7452189922332764,0.45151704124041964,0.1616289186392831,0.02130728684299998,0.00905403413604002,0.848920493161947,2.0,0.8980875968933105
16.0,6.0,0.375,0.8,0.5477511279284955,0.14461002308359164,0.02313860672315055,0.008817251178047396,0.8297742497043656,2.0,1.0
11.0,3.0,0.2727272727272727,0.7,0.4835569435899908,0.12097692436895328,0.02328952802057937,0.009649912883187915,0.7490112353112195,14.0,1.0
3.0,2.0,0.6666666666666666,0.6701058745384216,0.6152043684323628,0.07756760196845852,0.02197566420265753,0.01055044559765845,0.5335717471250401,2.0,1.0
5.0,1.0,0.2,0.82,0.4426713302135467,0.1997945706716716,0.00822776045069145,0.006495689010783524,0.6739538448335068,2.0,0.8684991884231568
4.0,0.0,0.0,0.5496802926063538,0.41457487642765045,0.11201299161243562,0.011297854502125953,0.007798343176898237,0.5741598721329064,14.0,0.8198721170425415
2.0,2.0,1.0,0.6856200695037842,0.667810034751892,0.01781003475189208,0.011584986129340327,0.00683415973133683,0.8968,2.0,0.7742480278015136
1.0,0.0,0.0,0.4466094970703125,0.4466094970703125,0.0,0.012218838378507645,0.012218838378507645,0.6668455290401345,2.0,0.778643798828125
4.0,2.0,0.5,0.8685007095336914,0.5780815649032592,0.2694971256174527,0.04066285243567079,0.01840143363237674,0.5688042150708069,2.0,0.9974002838134766
0.0,0.0,0.0,0.0,0.0,0.0,0.0,0.0,0.0,0.0,0.0
1.0,0.0,0.0,0.3423196077346802,0.3423196077346802,0.0,0.012813324519396216,0.012813324519396216,0.5902384854928009,2.0,0.736927843093872
3.0,1.0,0.3333333333333333,0.63143390417099,0.4091148376464844,0.1618841711576268,0.03177179391594138,0.02332775435802149,0.5714351830241002,3.0,0.852573561668396
1.0,1.0,1.0,0.89,0.89,0.0,0.0020833333333333333,0.0020833333333333333,0.3208457023621216,0.0,0.2
3.0,1.0,0.3333333333333333,0.74,0.5072427757581075,0.1891140509152565,0.024364203558203453,0.013115752797747961,0.5490430707193527,2.0,0.8019776582717895
1.0,1.0,1.0,0.8590382933616638,0.8590382933616638,0.0,0.012217959658166704,0.012217959658166704,0.4461398324935758,2.0,0.9436153173446655
2.0,1.0,0.5,0.65,0.5227195143699646,0.1272804856300354,0.07405657937950222,0.03806995635641778,0.5024177995600778,0.0,0.2
0.0,0.0,0.0,0.0,0.0,0.0,0.0,0.0,0.0,0.0,0.0
2.0,1.0,0.5,0.82,0.5966688728332519,0.22333112716674802,0.0020833333333333333,0.0013584891570512215,0.9811320377358868,8.0,0.6493350982666015
2.0,0.0,0.0,0.39625510573387146,0.3524066060781479,0.04384849965572357,0.0334108770076111,0.022711012776567487,0.4077188168152567,2.0,0.6585020422935486
4.0,1.0,0.25,0.69,0.40395265877246855,0.17287617887807594,0.032157386938560135,0.014419290591176755,0.7661377214528031,2.0,1.0
2.0,0.0,0.0,0.3543686866760254,0.30680452287197113,0.04756416380405426,0.013731803757530482,0.01047163162437027,0.2508557632402324,2.0,0.6417474746704102
0.0,0.0,0.0,0.0,0.0,0.0,0.0,0.0,0.0,0.0,0.0
1.0,1.0,1.0,0.89,0.89,0.0,0.0020833333333333333,0.0020833333333333333,0.47767902588542355,0.0,0.2
1.0,1.0,1.0,0.73,0.73,0.0,0.0020833333333333333,0.0020833333333333333,0.7454981336021286,0.0,0.2
2.0,1.0,0.5,0.86,0.7026180255413055,0.15738197445869445,0.016521756848737676,0.009302545091035504,0.34325542255759733,3.0,0.7180944204330444
1.0,0.0,0.0,0.46320661902427673,0.46320661902427673,0.0,0.017375342634879054,0.017375342634879054,0.19410314698482867,3.0,0.7852826476097107
3.0,0.0,0.0,0.48652687668800354,0.3332252999146779,0.10841359281219429,0.0038110010800791014,0.0032443486489105917,0.7978597456317793,11.0,0.7946107506752014
0.0,0.0,0.0,0.0,0.0,0.0,0.0,0.0,0.0,0.0,0.0
0.0,0.0,0.0,0.0,0.0,0.0,0.0,0.0,0.0,0.0,0.0
0.0,0.0,0.0,0.0,0.0,0.0,0.0,0.0,0.0,0.0,0.0
5.0,0.0,0.0,0.5798070430755615,0.42693825960159304,0.10389679282153794,0.03612176254608606,0.013639976501561785,0.8371600465884761,2.0,0.8319228172302247
4.0,2.0,0.5,0.6538984775543213,0.4614492505788803,0.1718653671948879,0.012528417853145317,0.008612556660906412,0.9061006976383453,2.0,0.8615593910217285
3.0,0.0,0.0,0.590679407119751,0.47228830059369403,0.08582848630228851,0.009039797601981243,0.008073153574212946,0.7520356237686947,2.0,0.8362717628479004
1.0,0.0,0.0,0.26210707426071167,0.26210707426071167,0.0,0.03064401851375199,0.03064401851375199,0.1754302843745409,0.0,0.2
0.0,0.0,0.0,0.0,0.0,0.0,0.0,0.0,0.0,0.0,0.0
1.0,1.0,1.0,0.87,0.87,0.0,0.0020833333333333333,0.0020833333333333333,0.26425819746326773,0.0,0.2
2.0,1.0,0.5,0.76,0.5329245376586914,0.2270754623413086,0.004143925706616486,0.00311362951997491,0.7107520488055064,1.0,0.6223396301269531
2.0,1.0,0.5,0.64,0.4848847311735153,0.1551152688264847,0.015113065767814406,0.00859819955057387,0.48629797805591735,1.0,0.6319077849388122
2.0,1.0,0.5,0.71,0.5426489967107773,0.1673510032892227,0.0020833333333333333,0.0020238522570057344,0.754306218574353,1.0,0.6501191973686218
6.0,1.0,0.16666666666666666,0.71,0.4147359317541122,0.14753673623288774,0.06695345336357349,0.019822374876122307,0.6012118982927804,2.0,0.8743482589721681
1.0,1.0,1.0,0.73,0.73,0.0,0.0020833333333333333,0.0020833333333333333,0.42563607355614674,0.0,0.2
7.0,2.0,0.2857142857142857,0.7489998936653137,0.41694595984050203,0.17603399479880574,0.07672588517824933,0.019561672125908456,0.5942877482756109,2.0,0.8995999574661255
1.0,1.0,1.0,0.7,0.7,0.0,0.0020833333333333333,0.0020833333333333333,0.6850803277024441,0.0,0.2
4.0,0.0,0.0,0.4565027058124542,0.3779541924595833,0.05625118595762642,0.01615663311257089,0.006613685117606268,0.6783920323682162,2.0,0.7826010823249817
6.0,0.0,0.0,0.5188071131706238,0.37731798986593884,0.10554038974153279,0.01760508892278125,0.006385480174428551,0.6542814127057893,2.0,0.8075228452682495
1.0,1.0,1.0,0.65,0.65,0.0,0.0020833333333333333,0.0020833333333333333,0.41465524688436817,0.0,0.2
1.0,0.0,0.0,0.2631094753742218,0.2631094753742218,0.0,0.05462476396009636,0.05462476396009636,0.5407773823544021,0.0,0.2
0.0,0.0,0.0,0.0,0.0,0.0,0.0,0.0,0.0,0.0,0.0
1.0,0.0,0.0,0.3600667119026184,0.3600667119026184,0.0,0.0446116762761573,0.0446116762761573,0.5642788712101969,0.0,0.7440266847610474
1.0,0.0,0.0,0.3457444906234741,0.3457444906234741,0.0,0.029620631195902823,0.029620631195902823,0.4682236858734403,2.0,0.7382977962493896
0.0,0.0,0.0,0.0,0.0,0.0,0.0,0.0,0.0,0.0,0.0
3.0,0.0,0.0,0.5452576875686646,0.3600814640522003,0.13117196052495161,0.048945095170954245,0.027462865609480042,0.4163830870284352,0.0,0.8181030750274658
2.0,2.0,1.0,0.81,0.7943405199050904,0.015659480094909695,0.04371913175080965,0.022901232542071492,0.3388730832888438,0.0,0.8114724159240723
3.0,0.0,0.0,0.48130014538764954,0.3554060161113739,0.08942382986678425,0.013195651117172092,0.011405373798982578,0.5672785339400763,1.0,0.7925200581550598
7.0,2.0,0.2857142857142857,0.7459005117416382,0.48973128216607226,0.18238023293311556,0.20510095653616636,0.04350557966102326,0.7303928298547349,2.0,1.0
3.0,0.0,0.0,0.4251527786254883,0.353956937789917,0.05049772172916152,0.20121437222173064,0.14072883872006492,0.8314639496888336,1.0,0.7700611114501952
3.0,1.0,0.3333333333333333,0.86,0.46774868686993915,0.27791725887092145,0.12102631616603583,0.04367575516549932,0.6076551647685934,2.0,0.7172392964363097
7.0,2.0,0.2857142857142857,0.8379506468772888,0.5251180955341884,0.1797796035991943,0.08068315791219846,0.01715966592525434,0.9493756471566956,2.0,0.9351802587509155
5.0,2.0,0.4,0.8402077555656433,0.5207094550132751,0.1997568931102989,0.06577783939348596,0.021741734924204212,0.8370445609952082,2.0,0.9360831022262573
5.0,3.0,0.6,0.86,0.6820375592708587,0.15756182015387835,0.06020494909564033,0.01743695245586927,0.8325467503096345,2.0,1.0
5.0,4.0,0.8,0.8277393579483032,0.6540335695743561,0.1712281466275065,0.013512633070839568,0.007943282663271389,0.851987515562313,2.0,1.0
8.0,2.0,0.25,0.7086605429649353,0.4582929416000843,0.16471926453878924,0.03469578365476336,0.009638539919568046,0.9418275785854324,2.0,1.0
11.0,3.0,0.2727272727272727,0.8561066389083862,0.47606716643680225,0.20064590431042115,0.029546745684634584,0.009643262302980283,0.8462478433561078,2.0,0.9424426555633545
0.0,0.0,0.0,0.0,0.0,0.0,0.0,0.0,0.0,0.0,0.0
0.0,0.0,0.0,0.0,0.0,0.0,0.0,0.0,0.0,0.0,0.0
0.0,0.0,0.0,0.0,0.0,0.0,0.0,0.0,0.0,0.0,0.0
0.0,0.0,0.0,0.0,0.0,0.0,0.0,0.0,0.0,0.0,0.0
0.0,0.0,0.0,0.0,0.0,0.0,0.0,0.0,0.0,0.0,0.0
0.0,0.0,0.0,0.0,0.0,0.0,0.0,0.0,0.0,0.0,0.0
2.0,0.0,0.0,0.4055308401584625,0.3507019281387329,0.054828912019729614,0.016873332305673977,0.008956189257476509,0.8785950480979199,2.0,0.762212336063385
0.0,0.0,0.0,0.0,0.0,0.0,0.0,0.0,0.0,0.0,0.0
3.0,1.0,0.3333333333333333,0.74,0.46359161218007405,0.19691517976842346,0.045910720945865534,0.01866607365600097,0.4542675206023298,2.0,0.7419001579284668
4.0,1.0,0.25,0.77,0.4579787302017212,0.18837967892897123,0.15107275831107236,0.06913966057506979,0.9158211427970182,2.0,0.6243111729621887
1.0,1.0,1.0,0.77,0.77,0.0,0.0020833333333333333,0.0020833333333333333,0.5428237976447154,0.0,0.2
1.0,0.0,0.0,0.41263172030448914,0.41263172030448914,0.0,0.016672587574816773,0.016672587574816773,0.2113251347836158,2.0,0.7650526881217956
4.0,0.0,0.0,0.5672754049301147,0.4681650400161743,0.0928978925045164,0.015901112137066045,0.012385764731430216,0.7740003373998601,2.0,0.8269101619720459
2.0,0.0,0.0,0.32931768894195557,0.30093520879745483,0.028382480144500732,0.01722822869476164,0.013971341264903934,0.7534642487330382,2.0,0.7317270755767822
7.0,2.0,0.2857142857142857,0.7902498245239258,0.44271513853754313,0.19498174073605926,0.023235779543270666,0.011109741656723784,0.7337544851523543,2.0,1.0
9.0,1.0,0.1111111111111111,0.64,0.43023431460062667,0.12714038471990818,0.14471782383336873,0.031195474333248856,0.6574320560679932,2.0,0.9719902356465657
7.0,1.0,0.14285714285714285,0.8469080924987793,0.38083683592932566,0.19480717715262616,0.020172680841639326,0.010007938802948493,0.5009728736556079,2.0,0.9387632369995117
4.0,2.0,0.5,0.7060604095458984,0.550325371325016,0.11214848949886334,0.01982777223539973,0.012250340421983827,0.7399286989211745,2.0,0.8824241638183594
1.0,0.0,0.0,0.35057365894317627,0.35057365894317627,0.0,0.9687628439312349,0.9687628439312349,0.9903033590696273,0.0,0.2
0.0,0.0,0.0,0.0,0.0,0.0,0.0,0.0,0.0,0.0,0.0
0.0,0.0,0.0,0.0,0.0,0.0,0.0,0.0,0.0,0.0,0.0
2.0,0.0,0.0,0.4046812355518341,0.3734087198972702,0.031272515654563904,0.04906323927387595,0.04624709260448813,0.42178526556932194,3.0,0.7618724942207337
0.0,0.0,0.0,0.0,0.0,0.0,0.0,0.0,0.0,0.0,0.0
2.0,1.0,0.5,0.78,0.6097888642549515,0.17021113574504854,0.05230659316317737,0.027194963248255353,0.7469918578385273,3.0,0.6758310914039611
3.0,2.0,0.6666666666666666,0.8520643711090088,0.624487022558848,0.24198775056756822,0.03889653704141267,0.019172613656481832,0.8352533688133952,2.0,0.9408257484436036
3.0,2.0,0.6666666666666666,0.8364017605781555,0.7174502674738567,0.12426262845690328,0.012911788701012731,0.008418998795220421,0.944914015436037,2.0,0.9345607042312623
4.0,2.0,0.5,0.8272010684013367,0.5627790230512619,0.1870262929535486,0.012424795143032446,0.007280956592918858,0.8639901530845964,2.0,0.9808804273605347
4.0,2.0,0.5,0.67,0.5167571264505386,0.15066209982319756,0.04024528113932007,0.012376811769247844,0.878858760118612,2.0,0.9059477806091307
3.0,0.0,0.0,0.5678041577339172,0.4152461290359497,0.117308882630316,0.02929040489291617,0.012549680791246595,0.49128857915819857,2.0,0.8271216630935669
2.0,1.0,0.5,0.6200151443481445,0.48896530270576477,0.13104984164237976,0.028376779078345123,0.0162569635997739,0.42408000937455115,2.0,0.8480060577392579
6.0,3.0,0.5,0.8208000063896179,0.5472793779770533,0.19343410951123416,0.035164292566761374,0.014039575096789799,0.8678461502641712,2.0,1.0
6.0,1.0,0.16666666666666666,0.6463220119476318,0.49751979609330493,0.08641343701741332,0.027226655822102448,0.018489098752091482,0.5495833694309666,2.0,0.8585288047790527
3.0,2.0,0.6666666666666666,0.89,0.6405206072330475,0.19633896666304348,0.019782499343020843,0.013556035712358956,0.5837573646804571,2.0,0.8485374927520752
1.0,0.0,0.0,0.26424968242645264,0.26424968242645264,0.0,0.034817795789627355,0.034817795789627355,0.22862335132611622,3.0,0.705699872970581
2.0,1.0,0.5,0.8,0.6113937884569168,0.1886062115430832,0.0038023697203790653,0.002942851526856199,0.51718608139367,3.0,0.6691150307655335
0.0,0.0,0.0,0.0,0.0,0.0,0.0,0.0,0.0,0.0,0.0
4.0,1.0,0.25,0.6619452834129333,0.46612171828746796,0.13290770753169928,0.02305846676980704,0.01665828631415129,0.6168938808002207,2.0,0.8647781133651733
0.0,0.0,0.0,0.0,0.0,0.0,0.0,0.0,0.0,0.0,0.0
3.0,0.0,0.0,0.5590271949768066,0.39780837297439575,0.11575145334521747,0.020525956016076728,0.012917891890312753,0.48887099225521813,2.0,0.8236108779907226
3.0,1.0,0.3333333333333333,0.6817513704299927,0.4193303684393565,0.18559705842257684,0.011814231796592628,0.009284003766835887,0.5903261434768177,2.0,0.872700548171997
4.0,0.0,0.0,0.5265926122665405,0.38863329589366913,0.10033700936644278,0.019221841457467137,0.009532987665213091,0.5625001704009251,2.0,0.8106370449066163
2.0,0.0,0.0,0.5836374759674072,0.5463251769542694,0.03731229901313782,0.011651840495122596,0.007711603484996351,0.5271237726780948,2.0,0.8334549903869629
0.0,0.0,0.0,0.0,0.0,0.0,0.0,0.0,0.0,0.0,0.0
1.0,1.0,1.0,0.69,0.69,0.0,0.0020833333333333333,0.0020833333333333333,0.16390230235934744,0.0,0.2
1.0,1.0,1.0,0.64,0.64,0.0,0.0020833333333333333,0.0020833333333333333,0.5814988649955655,0.0,0.2
7.0,2.0,0.2857142857142857,0.72,0.4849961699758257,0.1622050440990377,0.05604003968798866,0.019436397211523772,0.9164251660943148,2.0,0.9576001950672695
2.0,0.0,0.0,0.2833046019077301,0.27356982231140137,0.009734779596328735,0.16460330018855632,0.09108383748318372,0.7754327309771343,2.0,0.713321840763092
3.0,2.0,0.6666666666666666,0.85,0.5932719628016154,0.23294293971380128,0.11053952392718941,0.04332458077589008,0.7761946442101175,2.0,0.8574744701385497
5.0,1.0,0.2,0.7491999864578247,0.4993267357349396,0.13858380460345396,0.11836508679208656,0.053583206114026095,0.8573533331707063,2.0,0.8996799945831299
2.0,1.0,0.5,0.64,0.4537001621723175,0.1862998378276825,0.020745035775683433,0.011414184554508383,0.9204175336794705,2.0,0.906960129737854
